,Sensor,Contribution
0,Sensor_1,63.86230806287961
1,Sensor_2,36.13769193712036
